24;PC;0;0;0;24;0
24;PA;945;0;0;945;4
24;PL;945;2197;1;R FELICISSIMO DE AZEVEDO 202;4
27;PC;0;0;0;27;0
27;PA;43;0;0;43;1
27;PL;43;88;1;R BUARQUE DE MACEDO 374;1
27;PA;99;0;0;99;1
27;PL;99;300;1;AV PARA 1111;1
27;PA;168;0;0;168;4
27;PL;168;534;5;R BUARQUE DE MACEDO 314 / 320  E PARÁ 1125;4
27;PL;168;948;3;AV PARA 1125;1
27;PA;290;0;0;290;0
83;PC;0;0;0;83;0
83;PA;23;0;0;23;1
83;PL;23;42;1;AV ASSIS BRASIL 6706;1
83;PA;24;0;0;24;1
83;PL;24;43;1;AV ASSIS BRASIL 6710;1
83;PA;25;0;0;25;1
83;PL;25;44;1;AV ASSIS BRASIL 6714;1
83;PA;736;0;0;736;4
83;PL;736;1824;2;AV ASSIS BRASIL 6698 / ,Oliv.L27 e 23Parte1;4
83;PA;740;0;0;740;4
83;PL;740;1833;1;AV ASSIS BRASIL 6706 / ,6710/6714-3sl.ALTOS;4
92;PC;0;0;0;92;0
92;PA;201;0;0;201;1
92;PL;201;655;5;R VINTE E QUATRO DE OUTUBRO 395 / 39;1
93;PC;0;0;0;93;0
93;PA;108;0;0;108;4
93;PL;108;333;5;AV PIAUI 15 / 202;4
93;PA;109;0;0;109;1
93;PL;109;334;2;R PIAUI 108 / 01;1
93;PA;110;0;0;110;5
93;PL;110;335;2;R PIAUI 108 / 02;5
93;PA;111;0;0;111;1
93;PL;111;336;2;R PIAUI 108 / 03;1
93;PA;112;0;0;112;1
93;PL;112;337;6;R PIAUI 108 / 04 C/ BOXE;1
124;PC;0;0;0;124;0
124;PA;538;0;0;538;1
124;PL;538;1476;1;AV PRES F ROOSEVELT 0555/1;1
124;PA;539;0;0;539;1
124;PL;539;1477;2;AV PRESIDENTE FRANKLIN ROOSEVELT 555;1
124;PA;677;0;0;677;4
124;PL;677;1732;8;AV SAO PEDRO 827 / 203;4
125;PC;0;0;0;125;0
125;PA;171;0;0;171;4
125;PL;171;542;5;R CLOVIS P GRIVOT 350 / 403 BL. A1;4
144;PC;0;0;0;144;0
144;PA;134;0;0;134;1
144;PL;134;389;2;AV SAO PEDRO 823;1
144;PA;135;0;0;135;1
144;PL;135;390;2;AV SAO PEDRO 825;1
144;PA;136;0;0;136;1
144;PL;136;391;1;AV SAO PEDRO 827 / 201;1
144;PA;137;0;0;137;1
144;PL;137;395;1;AV SAO PEDRO 827 / 302;1
144;PA;251;0;0;251;1
144;PL;251;835;4;AV SAO PEDRO 827 / 304;1
149;PC;0;0;0;149;0
149;PA;359;0;0;359;1
149;PL;359;1157;5;AV BENJAMIN CONSTANT 926 / 204;1
154;PC;0;0;0;154;0
154;PA;443;0;0;443;1
154;PL;443;1349;2;AV FARRAPOS 2399;1
154;PA;1032;0;0;1032;17
154;PL;1032;2359;1;R QUINTINO BANDEIRA 118 / 92;17
163;PC;0;0;0;163;0
163;PA;428;0;0;428;4
163;PL;428;1329;5;AV JOAO WALLIG 796 / E 800;4
163;PA;429;0;0;429;4
163;PL;429;1330;6;AV JOAO WALLIG 800 / 101;4
163;PA;430;0;0;430;4
163;PL;430;1331;4;AV JOAO WALLIG 800 / 201;4
163;PA;431;0;0;431;1
163;PL;431;1332;7;AV JOAO WALLIG 800 / 102;1
163;PA;432;0;0;432;1
163;PL;432;1333;3;AV JOAO WALLIG 800 / 202;1
163;PA;912;0;0;912;4
163;PL;912;2152;4;R ENGENHEIRO WALTER BOHEL 230 / 305 bloco B;4
173;PC;0;0;0;173;0
173;PA;177;0;0;177;1
173;PL;177;552;3;AV FARRAPOS 2884 / LOJA;1
173;PA;227;0;0;227;1
173;PL;227;727;1;AV FARRAPOS 2888;1
173;PA;231;0;0;231;1
173;PL;231;763;8;R MARANHAO 194;1
173;PA;237;0;0;237;4
173;PL;237;782;6;AV PRES F ROOSEVELT 767;4
183;PC;0;0;0;183;0
183;PA;380;0;0;380;1
183;PL;380;1216;3;R CONDE DE PORTO ALEGRE 625 / 303;1
186;PC;0;0;0;186;0
186;PA;91;0;0;91;1
186;PL;91;259;1;AV JOSE LUTZEMBERGER 267;1
186;PA;1063;0;0;1063;20
186;PL;1063;2431;1;AV PRESIDENTE FRANKLIN ROOSEVELT 1264 / LJS 05 E 07;20
188;PC;0;0;0;188;0
188;PA;79;0;0;79;1
188;PL;79;194;7;R FELIX DA CUNHA 312 / TERRENO;1
188;PA;80;0;0;80;1
188;PL;80;197;4;R FELIX DA CUNHA 325 / FRENTE;1
188;PL;80;2408;1;R FELIX DA CUNHA 325 / -FUNDOS;4
189;PC;0;0;0;189;0
189;PA;142;0;0;142;1
189;PL;142;425;6;R ROQUE CALAGE 774 / 310 BOXE 32;1
190;PC;0;0;0;190;0
190;PA;993;0;0;993;12
190;PL;993;2300;1;R PEDRO AMERICO 96 / 14;12
190;PA;994;0;0;994;12
190;PL;994;2301;1;R PEDRO AMERICO 96 / 01;12
190;PA;995;0;0;995;12
190;PL;995;2302;2;R PEDRO AMERICO 96 / 08;12
191;PC;0;0;0;191;0
191;PA;242;0;0;242;1
191;PL;242;807;3;R VIDAL BARBOSA 224;1
192;PC;0;0;0;192;0
192;PA;43;0;0;43;1
192;PL;43;88;1;R BUARQUE DE MACEDO 374;1
193;PC;0;0;0;193;0
193;PA;241;0;0;241;4
193;PL;241;801;2;AV SERTORIO 1310 / 01;4
193;PA;389;0;0;389;1
193;PL;389;1234;2;AV SERTORIO 1290/1310 BOX 01;1
193;PA;391;0;0;391;1
193;PL;391;1236;6;AV SERTORIO 1290 / 2;1
193;PA;392;0;0;392;1
193;PL;392;1237;4;AV SERTORIO 1290/1310 BOX 4;1
193;PA;869;0;0;869;4
193;PL;869;2074;2;AV SERTORIO 1290 / 1310 BOX 03;4
199;PC;0;0;0;199;0
199;PA;6;0;0;6;1
199;PL;6;6;5;R ALMIRANTE GONCALVES 127 / 301;1
199;PA;108;0;0;108;4
199;PL;108;333;5;AV PIAUI 15 / 202;4
199;PA;109;0;0;109;1
199;PL;109;334;2;R PIAUI 108 / 01;1
199;PA;110;0;0;110;5
199;PL;110;335;2;R PIAUI 108 / 02;5
199;PA;111;0;0;111;1
199;PL;111;336;2;R PIAUI 108 / 03;1
199;PA;112;0;0;112;1
199;PL;112;337;6;R PIAUI 108 / 04 C/ BOXE;1
203;PC;0;0;0;203;0
203;PA;384;0;0;384;1
203;PL;384;1223;2;R DOUTOR EDUARDO MARQUES JUNIOR 65 / 402  GAR.70 BL. F;1
203;PA;568;0;0;568;5
203;PL;568;1508;2;R SYLVIO SANSON 212;5
203;PA;755;0;0;755;1
203;PL;755;1142;5;R GOLDA MEIR 373 / 408 BLOCO 7;1
203;PL;755;2412;1;R PROFESSORA AMY HERVE RAMIRES 120 / 316 BL C;19
203;PA;1020;0;0;1020;12
203;PL;1020;2338;0;R TENENTE ARY TARRAGO 2895 / 01;12
203;PA;1021;0;0;1021;12
203;PL;1021;2339;0;R TENENTE ARY TARRAGO 2895 / 02;12
208;PC;0;0;0;208;0
208;PA;233;0;0;233;1
208;PL;233;771;3;R MOSTARDEIRO 992 / 9;1
208;PA;234;0;0;234;4
208;PL;234;772;2;R MOSTARDEIRO 996 / SUB-SOLO;4
208;PA;267;0;0;267;1
208;PL;267;890;3;R QUINTINO BOCAIUVA 1146 / 8;1
208;PA;373;0;0;373;14
208;PL;373;1198;5;R MOSTARDEIRO 974;14
208;PA;409;0;0;409;1
208;PL;409;1267;1;R MOSTARDEIRO 992 / 996;1
208;PA;752;0;0;752;2
208;PL;752;1849;1;R MOSTARDEIRO 992 / 5;2
213;PC;0;0;0;213;0
213;PA;683;0;0;683;4
213;PL;683;1738;5;R AFONSO TAUNAY 115 / 202  BOXE 12;4
215;PC;0;0;0;215;0
215;PA;316;0;0;316;1
215;PL;316;1030;8;R MARCELO GAMA 17 / 15;1
215;PA;320;0;0;320;1
215;PL;320;1038;6;R MARCELO GAMA 17 / 32;1
224;PC;0;0;0;224;0
224;PA;421;0;0;421;1
224;PL;421;1319;1;R SANTANA 607/16;1
226;PC;0;0;0;226;0
226;PA;32;0;0;32;1
226;PL;32;62;2;R UMBU 229;1
227;PC;0;0;0;227;0
227;PA;235;0;0;235;1
227;PL;235;779;8;R PORTUGUESA 111 / 203 BOXE 08;1
227;PA;240;0;0;240;4
227;PL;240;795;4;R SAO LUIS 353 / 202;4
227;PA;250;0;0;250;1
227;PL;250;829;1;AV DO FORTE 490;1
232;PC;0;0;0;232;0
232;LC;0;240;7;AV GUIDO MONDIM 501 / ALTOS E 499 TERREO;4
232;LC;0;816;3;R GUIDO MONDIN 499 TERREO;1
232;PA;102;0;0;102;4
232;PL;102;313;9;R DO PARQUE 201;4
232;PA;103;0;0;103;1
232;PL;103;314;2;R PARQUE 209;1
232;PA;104;0;0;104;1
232;PL;104;315;2;R PARQUE 213;1
232;PA;206;0;0;206;1
232;PL;206;672;1;R PARQUE 185;1
232;PA;207;0;0;207;1
232;PL;207;673;4;R PARQUE 189;1
232;PA;280;0;0;280;1
232;PL;280;924;1;AV CAIRU 1301 / 03;1
232;PA;759;0;0;759;4
232;PL;759;1855;3;R DO PARQUE 183;4
232;PA;949;0;0;949;4
232;PL;949;2209;2;R DO PARQUE 183;4
236;PC;0;0;0;236;0
236;PA;414;0;0;414;0
255;PC;0;0;0;255;0
255;PA;209;0;0;209;4
255;PL;209;676;5;R PORTUGAL 1253 / 311 BOXE 25;4
255;PA;800;0;0;800;4
255;PL;800;1940;5;R MADRE ANA 377;4
262;PC;0;0;0;262;0
262;PA;55;0;0;55;1
262;PL;55;138;1;R DONA ALZIRA 101;1
264;PC;0;0;0;264;0
264;PA;244;0;0;244;1
264;PL;244;809;2;R VISCONDE DO RIO BRANCO 555;1
277;PC;0;0;0;277;0
277;PA;276;0;0;276;0
279;PC;0;0;0;279;0
279;PA;5;0;0;5;1
279;PL;5;5;3;R DOS ANDRADAS 1715 / 01 E 1711 SL 101;1
279;PA;15;0;0;15;1
279;PL;15;25;3;R ANDRADAS 1707;1
279;PA;92;0;0;92;1
279;PL;92;264;1;R ANDRADAS 1711 / 3;1
281;PC;0;0;0;281;0
281;PA;186;0;0;186;1
281;PL;186;589;6;AV SAO PEDRO 710 / 02;1
281;PL;186;2425;1;AV SAO PEDRO 710 / 01;19
281;PA;187;0;0;187;4
281;PL;187;590;4;AV SAO PEDRO 710 / 03;4
281;PA;189;0;0;189;1
281;PL;189;598;4;AV SAO PEDRO 708 / LOJA;1
282;PC;0;0;0;282;0
282;PA;735;0;0;735;0
301;PC;0;0;0;301;0
301;PA;212;0;0;212;4
301;PL;212;679;7;AV PROTASIO ALVES 1121 / 04;4
302;PC;0;0;0;302;0
302;PA;5;0;0;5;1
302;PL;5;5;3;R DOS ANDRADAS 1715 / 01 E 1711 SL 101;1
302;PA;15;0;0;15;1
302;PL;15;25;3;R ANDRADAS 1707;1
302;PA;92;0;0;92;1
302;PL;92;264;1;R ANDRADAS 1711 / 3;1
307;PC;0;0;0;307;0
307;PA;248;0;0;248;1
307;PL;248;826;2;R DR FLORES 75 / 81 LJ;1
307;PL;248;905;2;R DR FLORES 77 / 85;1
307;PA;276;0;0;276;0
313;PC;0;0;0;313;0
313;PA;248;0;0;248;1
313;PL;248;826;2;R DR FLORES 75 / 81 LJ;1
313;PL;248;905;2;R DR FLORES 77 / 85;1
313;PA;276;0;0;276;0
314;PC;0;0;0;314;0
314;PA;518;0;0;518;0
321;PC;0;0;0;321;0
321;PA;319;0;0;319;1
321;PL;319;1037;5;AV BRASIL 1523 / 26;1
321;PA;406;0;0;406;1
321;PL;406;1260;2;R SANTOS DUMONT 577 / 506;1
321;PA;537;0;0;537;4
321;PL;537;1474;5;TV JAGUARAO 45 / 804 T.A BOX 29 E 97;4
357;PC;0;0;0;357;0
357;PA;721;0;0;721;4
357;PL;721;1801;6;AV SAO PEDRO 623;4
359;PC;0;0;0;359;0
359;PA;23;0;0;23;1
359;PL;23;42;1;AV ASSIS BRASIL 6706;1
359;PA;24;0;0;24;1
359;PL;24;43;1;AV ASSIS BRASIL 6710;1
359;PA;25;0;0;25;1
359;PL;25;44;1;AV ASSIS BRASIL 6714;1
359;PA;81;0;0;81;1
359;PL;81;202;4;TV FONTE DA SAUDE 78 / 01;1
359;PA;82;0;0;82;1
359;PL;82;203;5;TV FONTE DA SAUDE 78 / 03;1
359;PA;179;0;0;179;1
359;PL;179;556;1;TV FONTE DA SAUDE 78 / 02;1
359;PA;180;0;0;180;1
359;PL;180;557;2;TV FONTE DA SAUDE 78 / 04;1
359;PA;736;0;0;736;4
359;PL;736;1824;2;AV ASSIS BRASIL 6698 / ,Oliv.L27 e 23Parte1;4
359;PA;740;0;0;740;4
359;PL;740;1833;1;AV ASSIS BRASIL 6706 / ,6710/6714-3sl.ALTOS;4
361;PC;0;0;0;361;0
361;PA;23;0;0;23;1
361;PL;23;42;1;AV ASSIS BRASIL 6706;1
361;PA;24;0;0;24;1
361;PL;24;43;1;AV ASSIS BRASIL 6710;1
361;PA;25;0;0;25;1
361;PL;25;44;1;AV ASSIS BRASIL 6714;1
361;PA;736;0;0;736;4
361;PL;736;1824;2;AV ASSIS BRASIL 6698 / ,Oliv.L27 e 23Parte1;4
361;PA;740;0;0;740;4
361;PL;740;1833;1;AV ASSIS BRASIL 6706 / ,6710/6714-3sl.ALTOS;4
362;PC;0;0;0;362;0
362;PA;23;0;0;23;1
362;PL;23;42;1;AV ASSIS BRASIL 6706;1
362;PA;24;0;0;24;1
362;PL;24;43;1;AV ASSIS BRASIL 6710;1
362;PA;25;0;0;25;1
362;PL;25;44;1;AV ASSIS BRASIL 6714;1
362;PA;736;0;0;736;4
362;PL;736;1824;2;AV ASSIS BRASIL 6698 / ,Oliv.L27 e 23Parte1;4
362;PA;740;0;0;740;4
362;PL;740;1833;1;AV ASSIS BRASIL 6706 / ,6710/6714-3sl.ALTOS;4
363;PC;0;0;0;363;0
363;PA;219;0;0;219;1
363;PL;219;699;1;R DR TIMOTEO 135 / 139;1
363;PA;773;0;0;773;4
363;PL;773;1885;5;AV CRISTOVAO COLOMBO 1681;4
365;PC;0;0;0;365;0
365;PA;423;0;0;423;4
365;PL;423;1323;8;R CARLOS VON KOSERITZ 15 / 26;4
366;PC;0;0;0;366;0
366;PA;302;0;0;302;1
366;PL;302;983;3;R DES ESPIRID.L.MEDEIROS 71;1
366;PL;302;2380;0;AV AMAZONAS 746;19
366;PL;302;2407;0;R JOAO CAETANO 144 / 201;19
366;PA;667;0;0;667;4
366;PL;667;1712;4;R JOSE ANTONIO ARANHA 160;4
369;PC;0;0;0;369;0
369;PA;125;0;0;125;1
369;PL;125;359;7;AV PROTASIO ALVES 3944 / 01;1
369;PA;126;0;0;126;1
369;PL;126;360;2;AV PROTASIO ALVES 3950 / 02;1
369;PA;127;0;0;127;4
369;PL;127;361;4;AV PROTASIO ALVES 3956 / 03;4
369;PA;248;0;0;248;1
369;PL;248;826;2;R DR FLORES 75 / 81 LJ;1
369;PL;248;905;2;R DR FLORES 77 / 85;1
369;PA;311;0;0;311;1
369;PL;311;1006;3;R DOUTOR TIMOTEO 1050 / 1202 BOXES 30-31;1
369;PA;1009;0;0;1009;12
369;PL;1009;2330;3;R OLAVO BARRETO VIANA 21 / 03 BOXES 36 E 37;12
370;PC;0;0;0;370;0
370;PA;90;0;0;90;1
370;PL;90;257;3;AV JOSE GERTUM 592;1
370;PA;125;0;0;125;1
370;PL;125;359;7;AV PROTASIO ALVES 3944 / 01;1
370;PA;126;0;0;126;1
370;PL;126;360;2;AV PROTASIO ALVES 3950 / 02;1
370;PA;127;0;0;127;4
370;PL;127;361;4;AV PROTASIO ALVES 3956 / 03;4
370;PA;173;0;0;173;1
370;PL;173;546;5;AV JOSE GERTUM 594;1
370;PA;248;0;0;248;1
370;PL;248;826;2;R DR FLORES 75 / 81 LJ;1
370;PL;248;905;2;R DR FLORES 77 / 85;1
370;PA;400;0;0;400;1
370;PL;400;1254;1;R PADRE CHAGAS 403;1
370;PA;1034;0;0;1034;4
370;PL;1034;2361;1;R PADRE CHAGAS 415 / BOXES 36 E 37;4
371;PC;0;0;0;371;0
371;PA;248;0;0;248;1
371;PL;248;826;2;R DR FLORES 75 / 81 LJ;1
371;PL;248;905;2;R DR FLORES 77 / 85;1
376;PC;0;0;0;376;0
376;PA;314;0;0;314;1
376;PL;314;1013;1;R ALM.TAMANDARE 640 / 02;1
376;PA;877;0;0;877;12
376;PL;877;2096;1;R SANTOS DUMONT 840 / 850;12
379;PC;0;0;0;379;0
379;PA;315;0;0;315;4
379;PL;315;1018;3;R SERAFIM DE ALENCASTRO 265;4
379;PA;916;0;0;916;12
379;PL;916;2155;2;R SERAFIM ALENCASTRO 265;12
385;PC;0;0;0;385;0
385;PA;248;0;0;248;1
385;PL;248;826;2;R DR FLORES 75 / 81 LJ;1
385;PL;248;905;2;R DR FLORES 77 / 85;1
385;PA;276;0;0;276;0
393;PC;0;0;0;393;0
393;PA;221;0;0;221;1
393;PL;221;709;2;R DR BARROS CASSAL 33 / 603;1
393;PA;841;0;0;841;4
393;PL;841;2013;3;AV PROTASIO ALVES 2365 / 406;4
393;PA;873;0;0;873;12
393;PL;873;2081;1;R ECA DE QUEIROS 194 / 908 TORRE B  BOXE 61;12
393;PA;919;0;0;919;12
393;PL;919;2159;1;R PROFESSOR LANGENDONCK 37 / SALA 404;12
393;PA;931;0;0;931;4
393;PL;931;2176;1;R CANANEIA 255 / 416 TORRE B BX 81e82;4
393;PA;935;0;0;935;12
393;PL;935;2177;1;R CANANEIA 255 / 313 T B BX 151 e 152;12
393;PA;955;0;0;955;12
393;PL;955;2230;2;R PROFESSOR LANGENDONCK 37 / SALA 306;12
393;PA;956;0;0;956;12
393;PL;956;2231;1;R ECA DE QUEIROS 194 / APTO 907 BOXES 61/62;12
395;PC;0;0;0;395;0
395;PA;201;0;0;201;1
395;PL;201;655;5;R VINTE E QUATRO DE OUTUBRO 395 / 39;1
399;PC;0;0;0;399;0
399;PA;433;0;0;433;1
399;PL;433;1336;3;R ANA NERY 597;1
399;PA;889;0;0;889;4
399;PL;889;2114;5;R ITAPEVA 371 / 308;4
401;PC;0;0;0;401;0
401;PA;436;0;0;436;1
401;PL;436;1339;1;AV PARANA 1579;1
401;PA;437;0;0;437;4
401;PL;437;1340;9;AV PARANA 1575 / 201;4
401;PA;438;0;0;438;4
401;PL;438;1342;6;AV PARANA 1575 / 203;4
401;PA;439;0;0;439;4
401;PL;439;1343;2;AV PARANA 1575 / 204;4
401;PA;680;0;0;680;4
401;PL;680;1735;7;AV PARANA 1575 / 202;4
401;PA;699;0;0;699;2
401;PL;699;1763;1;AV PARANA 1571 / LOJA;2
402;PC;0;0;0;402;0
402;PA;440;0;0;440;1
402;PL;440;1345;5;R CEL.JOAO CORREA 335 / 244 BL G;1
414;PC;0;0;0;414;0
414;PA;451;0;0;451;1
414;PL;451;1368;3;R PEDRO DE OLIVEIRA BITTENCOURT 181 / 8;1
414;PA;950;0;0;950;4
414;PL;950;2210;1;R MARCILIO DIAS 1475;4
425;PC;0;0;0;425;0
425;PA;50;0;0;50;1
425;PL;50;116;1;R CONDE DE PORTO ALEGRE 71;1
425;PA;255;0;0;255;1
425;PL;255;854;2;R ALMIRANTE TAMANDARE 797 / E 801;1
432;PC;0;0;0;432;0
432;PA;353;0;0;353;1
432;PL;353;1137;9;R MAX JUNIMAN 35 / 113 BOXE 4;1
442;PC;0;0;0;442;0
442;PA;467;0;0;467;4
442;PL;467;1391;5;AV PRES.ROOSEVELT 997 / 3;4
445;PC;0;0;0;445;0
445;PA;226;0;0;226;1
445;PL;226;726;3;AV JOSE LUTZEMBERGER 125;1
455;PC;0;0;0;455;0
455;PA;12;0;0;12;1
455;PL;12;16;3;AV INDEPENDENCIA 479 / 410;1
456;PC;0;0;0;456;0
456;PA;27;0;0;27;4
456;PL;27;50;7;R HONORIO SILVEIRA DIAS 740 / 224 BL 3;4
456;PL;27;2401;0;AV JOSE ALOISIO FILHO 411 / 418 BLOCO E;17
456;PA;335;0;0;335;1
456;PL;335;1078;2;R HONORIO SILVEIRA DIAS 840 / 301  BL B;1
456;PA;473;0;0;473;1
456;PL;473;1403;8;AV JOAO WALLIG 168 / 301;1
464;PC;0;0;0;464;0
464;PA;478;0;0;478;16
464;PL;478;1409;3;AV AMAZONAS 1093 / 204;16
466;PC;0;0;0;466;0
466;PA;239;0;0;239;1
466;PL;239;792;4;R GARIBALDI 1313 / 301;1
469;PC;0;0;0;469;0
469;PA;483;0;0;483;1
469;PL;483;1415;6;AV PROTASIO ALVES 8510 / 201 BL.04;1
479;PC;0;0;0;479;0
479;PA;284;0;0;284;1
479;PL;284;928;1;R ANDARAI 546 101;1
479;PA;288;0;0;288;4
479;PL;288;944;3;R ANDARAI 546 / 301 BOXE 03;4
479;PA;289;0;0;289;1
479;PL;289;945;4;R ANDARAI 546 / 302 C/ESTACIONAMENTO;1
479;PA;665;0;0;665;1
479;PL;665;1325;6;R BARAO DE TRAMANDAI 208;1
479;PA;670;0;0;670;4
479;PL;670;1715;5;AV ANDARAI 546 / 202 C/ESTACIONAMENTO;4
479;PA;692;0;0;692;4
479;PL;692;1752;4;AV ANDARAI 546 / 103;4
479;PA;705;0;0;705;4
479;PL;705;1774;6;AV ANDARAI 546 / 102 C/ESTACIONAMENTO;4
479;PA;722;0;0;722;1
479;PL;722;1447;3;R BARAO DE TRAMANDAI 204 / ALTOS;1
479;PA;723;0;0;723;1
479;PL;723;941;6;AV ANDARAI 546 / 201 BOXE 07;1
479;PA;913;0;0;913;4
479;PL;913;2153;0;R BARAO DE TRAMANDAI 204;4
479;PA;1028;0;0;1028;17
479;PL;1028;2352;1;AV ANDARAI 546 / 302 C/BOX;17
480;PC;0;0;0;480;0
480;PA;428;0;0;428;4
480;PL;428;1329;5;AV JOAO WALLIG 796 / E 800;4
480;PA;429;0;0;429;4
480;PL;429;1330;6;AV JOAO WALLIG 800 / 101;4
480;PA;430;0;0;430;4
480;PL;430;1331;4;AV JOAO WALLIG 800 / 201;4
480;PA;431;0;0;431;1
480;PL;431;1332;7;AV JOAO WALLIG 800 / 102;1
480;PA;432;0;0;432;1
480;PL;432;1333;3;AV JOAO WALLIG 800 / 202;1
481;PC;0;0;0;481;0
481;PA;313;0;0;313;0
494;PC;0;0;0;494;0
494;PA;191;0;0;191;1
494;PL;191;615;2;R JOAO MOREIRA ALBERTO 173;1
494;PA;494;0;0;494;1
494;PL;494;1427;1;R SOUZA REIS 262;1
497;PC;0;0;0;497;0
497;PA;499;0;0;499;1
497;PL;499;1432;4;AV SAO PEDRO 818;1
507;PC;0;0;0;507;0
507;PA;511;0;0;511;1
507;PL;511;1446;1;R PARQUE  114;1
534;PC;0;0;0;534;0
534;PA;3;0;0;3;1
534;PL;3;3;3;TRV ANUNCIADA 78;1
535;PC;0;0;0;535;0
535;PA;4;0;0;4;1
535;PL;4;4;2;AV GETULIO VARGAS 1638 / 901 BOXE 08;1
536;PC;0;0;0;536;0
536;PA;4;0;0;4;1
536;PL;4;4;2;AV GETULIO VARGAS 1638 / 901 BOXE 08;1
537;PC;0;0;0;537;0
537;PA;4;0;0;4;1
537;PL;4;4;2;AV GETULIO VARGAS 1638 / 901 BOXE 08;1
569;LC;0;88;1;R BUARQUE DE MACEDO 374;1
575;LC;0;116;1;R CONDE DE PORTO ALEGRE 71;1
578;LC;0;138;1;R DONA ALZIRA 101;1
601;LC;0;242;1;AV GUILHERME SCHELL 1772;1
606;LC;0;264;1;R ANDRADAS 1711 / 3;1
614;LC;0;306;1;AV PARANA 2116 / 03;1
614;LC;0;2148;2;AV PARANA 2116 / Estacionamento;4
656;LC;0;515;1;AV ASSIS BRASIL 1993 / 305;1
694;LC;0;672;1;R PARQUE 185;1
694;LC;0;673;4;R PARQUE 189;1
701;LC;0;690;1;AV SATURNINO DE BRITO 1570 / 1;1
703;LC;0;699;1;R DR TIMOTEO 135 / 139;1
709;LC;0;727;1;AV FARRAPOS 2888;1
731;LC;0;829;1;AV DO FORTE 490;1
750;LC;0;922;1;AV BAHIA 964;1
767;LC;0;1004;1;R CANCIO GOMES 554 / 10;1
770;LC;0;1013;1;R ALM.TAMANDARE 640 / 02;1
806;PC;0;0;0;806;0
806;PA;370;0;0;370;4
806;PL;370;1191;4;AV ASSIS BRASIL 1993 / 202;4
831;LC;0;1254;1;R PADRE CHAGAS 403;1
844;LC;0;1319;1;R SANTANA 607/16;1
856;LC;0;1339;1;AV PARANA 1579;1
898;LC;0;1424;1;AV SAO PEDRO 622 / B;1
900;LC;0;1427;1;R SOUZA REIS 262;1
912;LC;0;1446;1;R PARQUE  114;1
920;LC;0;2051;1;R BOA ESPERANCA 60;2
994;LC;0;335;2;R PIAUI 108 / 02;5
998;PC;0;0;0;998;0
998;PA;175;0;0;175;1
998;PL;175;550;3;AV FARRAPOS 2549 / 01;1
1147;LC;0;33;2;AV ASSIS BRASIL 1827;1
1199;LC;0;854;2;R ALMIRANTE TAMANDARE 797 / E 801;1
1206;PC;0;0;0;1206;0
1206;PA;621;0;0;621;4
1206;PL;621;1619;3;AV SAO PEDRO 827 / 204;4
1236;LC;0;615;2;R JOAO MOREIRA ALBERTO 173;1
1277;PC;0;0;0;1277;0
1277;PA;627;0;0;627;0
1278;PC;0;0;0;1278;0
1278;PA;627;0;0;627;0
1298;PC;0;0;0;1298;0
1298;PA;631;0;0;631;2
1298;PL;631;1652;5;AV PARANA 1596 / 301;2
1301;PC;0;0;0;1301;0
1301;PA;633;0;0;633;2
1301;PL;633;1653;1;R BEIRUTE 126 / FRENTE/130 FUNDOS;2
1303;LC;0;1653;1;R BEIRUTE 126 / FRENTE/130 FUNDOS;2
1327;LC;0;872;2;AV PARANA 2116/05;1
1327;LC;0;2165;1;AV PARANA 2116 / ESTACIONAMENTO;4
1372;LC;0;547;2;AV ERNESTO FONTOURA 570/203;1
1381;PC;0;0;0;1381;0
1381;PA;222;0;0;222;1
1381;PL;222;710;6;AV CERES 293 / 308 bl. A3;1
1388;PC;0;0;0;1388;0
1388;PA;745;0;0;745;4
1388;PL;745;1840;3;R PROFESSOR DUPLAN 154 / 803 boxe 06;4
1414;PC;0;0;0;1414;0
1414;PA;735;0;0;735;1
1415;LC;0;858;2;AV ASSIS BRASIL 1954 / 204;1
1563;LC;0;809;2;R VISCONDE DO RIO BRANCO 555;1
1580;PC;0;0;0;1580;0
1580;PA;153;0;0;153;1
1580;PL;153;508;5;AV ASSIS BRASIL 1993 / 205;1
1580;PA;154;0;0;154;1
1580;PL;154;510;3;AV ASSIS BRASIL 1993 / 207;1
1580;PA;156;0;0;156;4
1580;PL;156;513;4;AV ASSIS BRASIL 1993 / 302;4
1580;PA;157;0;0;157;1
1580;PL;157;514;2;AV ASSIS BRASIL 1993 / 303;1
1580;PA;249;0;0;249;1
1580;PL;249;827;2;AV ASSIS BRASIL 1993 / 304;1
1581;PC;0;0;0;1581;0
1581;PA;676;0;0;676;4
1581;PL;676;1727;3;AV ASSIS BRASIL 1999;4
1582;PC;0;0;0;1582;0
1582;PA;676;0;0;676;4
1582;PL;676;1727;3;AV ASSIS BRASIL 1999;4
1583;PC;0;0;0;1583;0
1583;PA;676;0;0;676;4
1583;PL;676;1727;3;AV ASSIS BRASIL 1999;4
1657;PC;0;0;0;1657;0
1657;PA;676;0;0;676;4
1657;PL;676;1727;3;AV ASSIS BRASIL 1999;4
1659;LC;0;62;2;R UMBU 229;1
1685;LC;0;1216;3;R CONDE DE PORTO ALEGRE 625 / 303;1
1767;PC;0;0;0;1767;0
1767;PA;139;0;0;139;1
1767;PL;139;404;2;AV SATURNINO DE BRITO 1558;1
1767;PA;217;0;0;217;1
1767;PL;217;690;1;AV SATURNINO DE BRITO 1570 / 1;1
1767;PA;776;0;0;776;12
1767;PL;776;1888;3;AV SATURNINO DE BRITO 1546;12
1767;PA;898;0;0;898;4
1767;PL;898;2105;0;AV CIRCULAR 583;4
1767;PA;1046;0;0;1046;17
1767;PL;1046;2385;1;AV SATURNINO DE BRITO 1550;17
1792;PC;0;0;0;1792;0
1792;PA;69;0;0;69;1
1792;PL;69;169;3;R ERECHIM 1070 / frente;1
1792;PA;462;0;0;462;1
1792;PL;462;1471;3;R MARIETA 334 / 01;1
1819;PC;0;0;0;1819;0
1819;PA;698;0;0;698;4
1819;PL;698;1760;4;R RAMIRO BARCELOS 748 / 204 BOXE 07;4
1819;PA;741;0;0;741;4
1819;PL;741;1835;4;R GENERAL NETO 95 / 302;4
1849;PC;0;0;0;1849;0
1849;PA;203;0;0;203;4
1849;PL;203;665;5;TV JUNDIAI 2227 / 405 BOXE 06;4
1865;PC;0;0;0;1865;0
1865;PA;295;0;0;295;1
1865;PL;295;966;7;R CANCIO GOMES 554 / 06;1
1865;PA;298;0;0;298;2
1865;PL;298;973;7;R CANCIO GOMES 554 / 4;2
1865;PA;299;0;0;299;1
1865;PL;299;975;4;R CANCIO GOMES 554 / 12;1
1865;PA;300;0;0;300;4
1865;PL;300;977;8;R CANCIO GOMES 554 / 18;4
1865;PA;301;0;0;301;1
1865;PL;301;978;8;R CANCIO GOMES 554 / 14;1
1865;PA;303;0;0;303;1
1865;PL;303;984;6;R CANCIO GOMES 554 / 16;1
1865;PA;304;0;0;304;1
1865;PL;304;985;6;R CANCIO GOMES 554 / 19;1
1865;PA;306;0;0;306;1
1865;PL;306;988;7;R CANCIO GOMES 554 / 17;1
1865;PA;307;0;0;307;1
1865;PL;307;989;5;R CANCIO GOMES 554 / 11;1
1865;PA;308;0;0;308;1
1865;PL;308;998;6;R CANCIO GOMES 554 / 07;1
1865;PA;310;0;0;310;1
1865;PL;310;1004;1;R CANCIO GOMES 554 / 10;1
1865;PA;312;0;0;312;1
1865;PL;312;1008;5;R CANCIO GOMES 554 / 03;1
1865;PA;313;0;0;313;4
1865;PL;313;1010;1;R CANCIO GOMES 554;4
1865;PA;317;0;0;317;1
1865;PL;317;1034;5;R CANCIO GOMES 554 / 01;1
1865;PA;318;0;0;318;1
1865;PL;318;1036;8;R CANCIO GOMES 554 / 15;1
1865;PA;321;0;0;321;1
1865;PL;321;1039;4;R CANCIO GOMES 554 / 05;1
1865;PA;322;0;0;322;1
1865;PL;322;1040;4;R CANCIO GOMES 554 / 02;1
1865;PA;405;0;0;405;1
1865;PL;405;1259;6;R CANCIO GOMES 554 / 08;1
1865;PA;407;0;0;407;1
1865;PL;407;1263;4;R CANCIO GOMES 554 / 09;1
1865;PA;708;0;0;708;4
1865;PL;708;1777;1;AV ANDARAI 546 / 301 C/ESTACIONAMENTO;4
1865;PA;747;0;0;747;4
1865;PL;747;1842;2;R BARAO DE TRAMANDAI 206 / ALTOS;4
1865;PA;1025;0;0;1025;12
1865;PL;1025;2347;0;AV ANDARAI 544;12
1865;PA;1049;0;0;1049;17
1865;PL;1049;2387;0;R COMENDADOR AZEVEDO 81 / e 91;17
1868;LC;0;1777;1;AV ANDARAI 546 / 301 C/ESTACIONAMENTO;4
1875;LC;0;1343;2;AV PARANA 1575 / 204;4
1934;PC;0;0;0;1934;0
1934;PA;717;0;0;717;0
1961;PC;0;0;0;1961;0
1961;PA;721;0;0;721;4
1961;PL;721;1801;6;AV SAO PEDRO 623;4
1997;PC;0;0;0;1997;0
1997;PA;15;0;0;15;1
1997;PL;15;25;3;R ANDRADAS 1707;1
2068;PC;0;0;0;2068;0
2068;PA;691;0;0;691;4
2068;PL;691;1749;2;AV SAO PAULO 281 / 21;4
2132;LC;0;176;2;AV FARRAPOS 507;1
2197;PC;0;0;0;2197;0
2197;PA;70;0;0;70;1
2197;PL;70;172;1;R E.FONT.308-310 ES.DUMONT1702;1
2197;PA;728;0;0;728;4
2197;PL;728;1808;3;R AMELIA TELES 291;4
2197;PA;1064;0;0;1064;20
2197;PL;1064;2435;1;R ERNESTO DA FONTOURA 310;20
2328;LC;0;983;3;R DES ESPIRID.L.MEDEIROS 71;1
2346;LC;0;404;2;AV SATURNINO DE BRITO 1558;1
2402;PC;0;0;0;2402;0
2402;PA;859;0;0;859;2
2402;PL;859;2051;1;R BOA ESPERANCA 60;2
2452;PC;0;0;0;2452;0
2452;PA;945;0;0;945;4
2452;PL;945;2197;1;R FELICISSIMO DE AZEVEDO 202;4
2453;LC;0;1468;2;R GUILHERME SCHELL 1798;1
2504;LC;0;169;3;R ERECHIM 1070 / frente;1
2514;PC;0;0;0;2514;0
2514;PA;5;0;0;5;1
2514;PL;5;5;3;R DOS ANDRADAS 1715 / 01 E 1711 SL 101;1
2514;PA;92;0;0;92;1
2514;PL;92;264;1;R ANDRADAS 1711 / 3;1
2515;PC;0;0;0;2515;0
2515;PA;5;0;0;5;1
2515;PL;5;5;3;R DOS ANDRADAS 1715 / 01 E 1711 SL 101;1
2515;PA;92;0;0;92;1
2515;PL;92;264;1;R ANDRADAS 1711 / 3;1
2516;PC;0;0;0;2516;0
2516;PA;5;0;0;5;1
2516;PL;5;5;3;R DOS ANDRADAS 1715 / 01 E 1711 SL 101;1
2516;PA;92;0;0;92;1
2516;PL;92;264;1;R ANDRADAS 1711 / 3;1
2517;PC;0;0;0;2517;0
2517;PA;5;0;0;5;1
2517;PL;5;5;3;R DOS ANDRADAS 1715 / 01 E 1711 SL 101;1
2517;PA;92;0;0;92;1
2517;PL;92;264;1;R ANDRADAS 1711 / 3;1
2538;PC;0;0;0;2538;0
2538;PA;216;0;0;216;1
2538;PL;216;689;4;AV SAO PEDRO 1058;1
2538;PA;278;0;0;278;1
2538;PL;278;922;1;AV BAHIA 964;1
2539;PC;0;0;0;2539;0
2539;PA;216;0;0;216;1
2539;PL;216;689;4;AV SAO PEDRO 1058;1
2540;PC;0;0;0;2540;0
2540;PA;216;0;0;216;1
2540;PL;216;689;4;AV SAO PEDRO 1058;1
2540;PA;278;0;0;278;1
2540;PL;278;922;1;AV BAHIA 964;1
2541;PC;0;0;0;2541;0
2541;PA;216;0;0;216;1
2541;PL;216;689;4;AV SAO PEDRO 1058;1
2541;PA;278;0;0;278;1
2541;PL;278;922;1;AV BAHIA 964;1
2588;PC;0;0;0;2588;0
2588;PA;494;0;0;494;1
2588;PL;494;1427;1;R SOUZA REIS 262;1
2589;PC;0;0;0;2589;0
2589;PA;494;0;0;494;1
2589;PL;494;1427;1;R SOUZA REIS 262;1
2590;PC;0;0;0;2590;0
2590;PA;494;0;0;494;1
2590;PL;494;1427;1;R SOUZA REIS 262;1
2611;LC;0;1508;2;R SYLVIO SANSON 212;5
2635;PC;0;0;0;2635;0
2635;PA;803;0;0;803;4
2635;PL;803;1948;3;AV AMAZONAS 291;4
2637;PC;0;0;0;2637;0
2637;PA;804;0;0;804;12
2637;PL;804;1923;3;R CONSELHEIRO TRAVASSOS 296;12
2699;PC;0;0;0;2699;0
2699;PA;800;0;0;800;4
2699;PL;800;1940;5;R MADRE ANA 377;4
2705;LC;0;1849;1;R MOSTARDEIRO 992 / 5;2
2722;PC;0;0;0;2722;0
2722;PA;817;0;0;817;4
2722;PL;817;1968;5;R GENERAL CALDWELL 1205 / 18;4
2726;PC;0;0;0;2726;0
2726;PA;100;0;0;100;1
2726;PL;100;304;2;AV PARANA 2116/01;1
2726;PA;101;0;0;101;1
2726;PL;101;306;1;AV PARANA 2116 / 03;1
2726;PA;205;0;0;205;1
2726;PL;205;670;2;AV PARANA 2116;1
2726;PA;210;0;0;210;1
2726;PL;210;677;4;AV PARANA 2116 / 06;1
2726;PA;245;0;0;245;1
2726;PL;245;815;3;AV PARANA 2116/04;1
2726;PA;264;0;0;264;1
2726;PL;264;872;2;AV PARANA 2116/05;1
2726;PA;265;0;0;265;1
2726;PL;265;880;8;AV PARANA 2116 / 07;1
2726;PA;268;0;0;268;1
2726;PL;268;894;3;AV PARANA 2116 / 02;1
2726;PA;274;0;0;274;1
2726;PL;274;902;5;AV PARANA 1677 / 406;1
2726;PA;666;0;0;666;4
2726;PL;666;1711;8;AV PARANA 2116 / 08;4
2726;PA;910;0;0;910;4
2726;PL;910;2148;2;AV PARANA 2116 / Estacionamento;4
2726;PA;922;0;0;922;4
2726;PL;922;2165;1;AV PARANA 2116 / ESTACIONAMENTO;4
2726;PA;985;0;0;985;15
2726;PL;985;2275;2;AV PARANA 2116 / Estacionamento;15
2726;PA;1000;0;0;1000;12
2726;PL;1000;2312;1;AV PARANA 2116 / ESTACIONAMENTO;12
2761;PC;0;0;0;2761;0
2761;PA;221;0;0;221;1
2761;PL;221;709;2;R DR BARROS CASSAL 33 / 603;1
2761;PA;841;0;0;841;4
2761;PL;841;2013;3;AV PROTASIO ALVES 2365 / 406;4
2761;PA;873;0;0;873;12
2761;PL;873;2081;1;R ECA DE QUEIROS 194 / 908 TORRE B  BOXE 61;12
2761;PA;919;0;0;919;12
2761;PL;919;2159;1;R PROFESSOR LANGENDONCK 37 / SALA 404;12
2761;PA;931;0;0;931;4
2761;PL;931;2176;1;R CANANEIA 255 / 416 TORRE B BX 81e82;4
2761;PA;935;0;0;935;12
2761;PL;935;2177;1;R CANANEIA 255 / 313 T B BX 151 e 152;12
2761;PA;955;0;0;955;12
2761;PL;955;2230;2;R PROFESSOR LANGENDONCK 37 / SALA 306;12
2761;PA;956;0;0;956;12
2761;PL;956;2231;1;R ECA DE QUEIROS 194 / APTO 907 BOXES 61/62;12
2786;PC;0;0;0;2786;0
2786;PA;20;0;0;20;4
2786;PL;20;36;2;AV ASSIS BRASIL 1997;4
2786;PA;155;0;0;155;4
2786;PL;155;512;7;AV ASSIS BRASIL 1993 / 301;4
2786;PA;455;0;0;455;1
2786;PL;455;1373;3;AV ASSIS BRASIL 1993 / 206;1
2786;PA;457;0;0;457;1
2786;PL;457;1375;2;AV ASSIS BRASIL 1993 / 201;1
2786;PA;836;0;0;836;4
2786;PL;836;2002;1;AV ANTUNES RIBAS 359;4
2786;PA;904;0;0;904;12
2786;PL;904;2136;3;R EDMUNDO BASTIAN 648;12
2786;PA;1043;0;0;1043;4
2786;PL;1043;2378;0;AV ASSIS BRASIL 4872;4
2795;LC;0;1034;5;R CANCIO GOMES 554 / 01;1
2796;PC;0;0;0;2796;0
2796;PA;342;0;0;342;1
2796;PL;342;1111;5;AV FARRAPOS 3367;1
2796;PA;343;0;0;343;1
2796;PL;343;1112;2;AV FARRAPOS 3369/05;1
2796;PA;970;0;0;970;15
2796;PL;970;2254;0;AV FARRAPOS 3369 / 201;15
2796;PA;971;0;0;971;15
2796;PL;971;2255;0;AV FARRAPOS 3369 / 101;15
2796;PA;972;0;0;972;15
2796;PL;972;2256;0;AV FARRAPOS 3369 / 202;15
2796;PA;973;0;0;973;15
2796;PL;973;2257;0;AV FARRAPOS 3369 / 301;15
2796;PA;974;0;0;974;15
2796;PL;974;2258;1;AV FARRAPOS 3369 / 302  BOXE 03;15
2796;PA;975;0;0;975;15
2796;PL;975;2259;1;AV FARRAPOS 3369 / 401;15
2796;PA;976;0;0;976;15
2796;PL;976;2260;2;AV FARRAPOS 3369 / 402;15
2796;PA;977;0;0;977;19
2796;PL;977;2262;1;AV FARRAPOS 3369 / 501;19
2796;PL;977;2398;2;AV FARRAPOS 3369 / ESTAC.;19
2796;PA;978;0;0;978;15
2796;PL;978;2265;2;AV FARRAPOS 3369 / 502;15
2796;PA;1016;0;0;1016;12
2796;PL;1016;2332;1;AV FARRAPOS 3369 / 01;12
2796;PA;1023;0;0;1023;14
2796;PL;1023;2342;1;AV FARRAPOS 3369 / 02;14
2796;PA;1026;0;0;1026;17
2796;PL;1026;2349;0;AV FARRAPOS 3369 / apto 301;17
2796;PA;1031;0;0;1031;17
2796;PL;1031;2357;1;AV FARRAPOS 3369 / 05;17
2796;PA;1056;0;0;1056;14
2796;PL;1056;2341;0;AV FARRAPOS 3369 / ESTACIONAMENTO;14
2822;PC;0;0;0;2822;0
2822;PA;19;0;0;19;1
2822;PL;19;35;5;AV ASSIS BRASIL 1993 / 308;1
2822;PA;20;0;0;20;4
2822;PL;20;36;2;AV ASSIS BRASIL 1997;4
2822;PA;159;0;0;159;1
2822;PL;159;516;3;AV ASSIS BRASIL 1993 / 306;1
2822;PA;454;0;0;454;1
2822;PL;454;1372;6;AV ASSIS BRASIL 1993 / 208;1
2822;PA;456;0;0;456;1
2822;PL;456;1374;1;AV ASSIS BRASIL 1993 / 203;1
2822;PA;918;0;0;918;4
2822;PL;918;2158;2;AV POLAR 156;4
2822;PA;1043;0;0;1043;4
2822;PL;1043;2378;0;AV ASSIS BRASIL 4872;4
2825;PC;0;0;0;2825;0
2825;PA;71;0;0;71;1
2825;PL;71;176;2;AV FARRAPOS 507;1
2830;LC;0;1342;6;AV PARANA 1575 / 203;4
2846;LC;0;1234;2;AV SERTORIO 1290/1310 BOX 01;1
2847;LC;0;2002;1;AV ANTUNES RIBAS 359;4
2852;LC;0;1842;2;R BARAO DE TRAMANDAI 206 / ALTOS;4
2863;LC;0;534;5;R BUARQUE DE MACEDO 314 / 320  E PARÁ 1125;4
2863;LC;0;948;3;AV PARA 1125;1
2898;LC;0;336;2;R PIAUI 108 / 03;1
2954;PC;0;0;0;2954;0
2954;PA;721;0;0;721;4
2954;PL;721;1801;6;AV SAO PEDRO 623;4
2968;LC;0;1078;2;R HONORIO SILVEIRA DIAS 840 / 301  BL B;1
3013;PC;0;0;0;3013;0
3013;PA;531;0;0;531;1
3013;PL;531;1468;2;R GUILHERME SCHELL 1798;1
3045;LC;0;1237;4;AV SERTORIO 1290/1310 BOX 4;1
3112;PC;0;0;0;3112;0
3112;PA;139;0;0;139;1
3112;PL;139;404;2;AV SATURNINO DE BRITO 1558;1
3112;PA;217;0;0;217;1
3112;PL;217;690;1;AV SATURNINO DE BRITO 1570 / 1;1
3112;PA;776;0;0;776;12
3112;PL;776;1888;3;AV SATURNINO DE BRITO 1546;12
3112;PA;1046;0;0;1046;17
3112;PL;1046;2385;1;AV SATURNINO DE BRITO 1550;17
3122;LC;0;1808;3;R AMELIA TELES 291;4
3126;LC;0;390;2;AV SAO PEDRO 825;1
3157;PC;0;0;0;3157;0
3157;PA;876;0;0;876;4
3157;PL;876;2095;3;R MOURA AZEVEDO 162 / 28;4
3161;LC;0;1965;2;R DONA SEBASTIANA 329 / B;4
3165;PC;0;0;0;3165;0
3165;PA;879;0;0;879;4
3165;PL;879;2097;3;R DOUTOR TIMOTEO 795 / 101;4
3165;PA;940;0;0;940;4
3165;PL;940;2190;1;R QUINTINO BOCAIUVA 349;4
3165;PA;984;0;0;984;15
3165;PL;984;2271;1;R QUINTINO BOCAIUVA 345 / 01;15
3199;PC;0;0;0;3199;0
3199;PA;884;0;0;884;4
3199;PL;884;2109;2;R GENERAL GOMES CARNEIRO 609 / FUNDOS;4
3199;PA;885;0;0;885;4
3199;PL;885;2110;2;R GENERAL GOMES CARNEIRO 609 / FRENTE;4
3224;PC;0;0;0;3224;0
3224;PA;174;0;0;174;1
3224;PL;174;547;2;AV ERNESTO FONTOURA 570/203;1
3234;PC;0;0;0;3234;0
3234;PA;729;0;0;729;4
3234;PL;729;1810;3;R CONSELHEIRO CAMARGO 112 / B;4
3234;PA;989;0;0;989;12
3234;PL;989;2288;0;R CONSELHEIRO CAMARGO 112 / A;12
3244;PC;0;0;0;3244;0
3244;PA;813;0;0;813;4
3244;PL;813;1964;2;R DONA SEBASTIANA 329 / A;4
3244;PA;814;0;0;814;4
3244;PL;814;1965;2;R DONA SEBASTIANA 329 / B;4
3285;PC;0;0;0;3285;0
3285;PA;233;0;0;233;1
3285;PL;233;771;3;R MOSTARDEIRO 992 / 9;1
3285;PA;234;0;0;234;4
3285;PL;234;772;2;R MOSTARDEIRO 996 / SUB-SOLO;4
3285;PA;267;0;0;267;1
3285;PL;267;890;3;R QUINTINO BOCAIUVA 1146 / 8;1
3285;PA;373;0;0;373;14
3285;PL;373;1198;5;R MOSTARDEIRO 974;14
3285;PA;409;0;0;409;1
3285;PL;409;1267;1;R MOSTARDEIRO 992 / 996;1
3285;PA;752;0;0;752;2
3285;PL;752;1849;1;R MOSTARDEIRO 992 / 5;2
3286;PC;0;0;0;3286;0
3286;PA;233;0;0;233;1
3286;PL;233;771;3;R MOSTARDEIRO 992 / 9;1
3286;PA;234;0;0;234;4
3286;PL;234;772;2;R MOSTARDEIRO 996 / SUB-SOLO;4
3286;PA;267;0;0;267;1
3286;PL;267;890;3;R QUINTINO BOCAIUVA 1146 / 8;1
3286;PA;373;0;0;373;14
3286;PL;373;1198;5;R MOSTARDEIRO 974;14
3286;PA;409;0;0;409;1
3286;PL;409;1267;1;R MOSTARDEIRO 992 / 996;1
3286;PA;752;0;0;752;2
3286;PL;752;1849;1;R MOSTARDEIRO 992 / 5;2
3299;LC;0;552;3;AV FARRAPOS 2884 / LOJA;1
3300;PC;0;0;0;3300;0
3300;PA;492;0;0;492;1
3300;PL;492;1425;5;AV PRES F ROOSEVELT 1265;1
3301;LC;0;1333;3;AV JOAO WALLIG 800 / 202;1
3310;PC;0;0;0;3310;0
3310;PA;361;0;0;361;4
3310;PL;361;1165;9;R GENERAL NETO 185 / 11;4
3328;LC;0;967;3;AV ASSIS BRASIL 1831;1
3345;PC;0;0;0;3345;0
3345;PA;85;0;0;85;1
3345;PL;85;242;1;AV GUILHERME SCHELL 1772;1
3345;PA;767;0;0;767;4
3345;PL;767;1877;4;R BOA ESPERANCA 99;4
3362;PC;0;0;0;3362;0
3362;PA;341;0;0;341;1
3362;PL;341;1103;1;R SAO CARLOS 244 / 01;1
3363;PC;0;0;0;3363;0
3363;PA;341;0;0;341;1
3363;PL;341;1103;1;R SAO CARLOS 244 / 01;1
3367;LC;0;1037;5;AV BRASIL 1523 / 26;1
3395;PC;0;0;0;3395;0
3395;PA;915;0;0;915;12
3395;PL;915;2147;1;AV PERNAMBUCO 2653 / 204;12
3395;PA;979;0;0;979;12
3395;PL;979;2266;0;R FELIPE CAMARAO 751 / 706;12
3396;PC;0;0;0;3396;0
3396;PA;915;0;0;915;12
3396;PL;915;2147;1;AV PERNAMBUCO 2653 / 204;12
3396;PA;979;0;0;979;12
3396;PL;979;2266;0;R FELIPE CAMARAO 751 / 706;12
3402;LC;0;1824;2;AV ASSIS BRASIL 6698 / ,Oliv.L27 e 23Parte1;4
3403;PC;0;0;0;3403;0
3403;PA;1060;0;0;1060;4
3403;PL;1060;2404;1;AV SAO PEDRO 827 / 303;4
3416;PC;0;0;0;3416;0
3416;PA;921;0;0;921;4
3416;PL;921;2162;3;AV POLONIA 375 / 504   BOXE 21;4
3438;PC;0;0;0;3438;0
3438;PA;926;0;0;926;4
3438;PL;926;2170;2;AV BERLIM 137 / 12;4
3438;PA;1040;0;0;1040;12
3438;PL;1040;2374;1;AV PERNAMBUCO 2211 / 14;12
3445;PC;0;0;0;3445;0
3445;PA;990;0;0;990;12
3445;PL;990;2293;3;R ATTILIO BILIBIO 251 / 102 T.E-Nature Box66;12
3459;PC;0;0;0;3459;0
3459;PA;1000;0;0;1000;0
3467;PC;0;0;0;3467;0
3467;PA;17;0;0;17;1
3467;PL;17;33;2;AV ASSIS BRASIL 1827;1
3467;PA;296;0;0;296;1
3467;PL;296;967;3;AV ASSIS BRASIL 1831;1
3468;PC;0;0;0;3468;0
3468;PA;17;0;0;17;1
3468;PL;17;33;2;AV ASSIS BRASIL 1827;1
3468;PA;158;0;0;158;1
3468;PL;158;515;1;AV ASSIS BRASIL 1993 / 305;1
3468;PA;296;0;0;296;1
3468;PL;296;967;3;AV ASSIS BRASIL 1831;1
3468;PA;371;0;0;371;1
3468;PL;371;1192;7;AV ASSIS BRASIL 1993 / 204;1
3469;PC;0;0;0;3469;0
3469;PA;17;0;0;17;1
3469;PL;17;33;2;AV ASSIS BRASIL 1827;1
3469;PA;160;0;0;160;4
3469;PL;160;517;6;AV ASSIS BRASIL 1993 / 307;4
3469;PA;296;0;0;296;1
3469;PL;296;967;3;AV ASSIS BRASIL 1831;1
3469;PA;370;0;0;370;0
3473;PC;0;0;0;3473;0
3473;PA;17;0;0;17;1
3473;PL;17;33;2;AV ASSIS BRASIL 1827;1
3473;PA;296;0;0;296;1
3473;PL;296;967;3;AV ASSIS BRASIL 1831;1
3479;LC;0;1840;3;R PROFESSOR DUPLAN 154 / 803 boxe 06;4
3487;LC;0;2271;1;R QUINTINO BOCAIUVA 345 / 01;15
3512;LC;0;2197;1;R FELICISSIMO DE AZEVEDO 202;4
3521;PC;0;0;0;3521;0
3521;PA;476;0;0;476;1
3521;PL;476;1407;4;R TUPARAI 248 / APTO C;1
3521;PA;948;0;0;948;1
3521;PL;948;1426;2;R TUPARAI 248 / 0;1
3545;PC;0;0;0;3545;0
3545;PA;963;0;0;963;4
3555;LC;0;2185;1;R FELIX DA CUNHA 360 / SALA 106;4
3578;LC;0;1923;3;R CONSELHEIRO TRAVASSOS 296;12
3581;PC;0;0;0;3581;0
3581;PA;935;0;0;935;12
3581;PL;935;2177;1;R CANANEIA 255 / 313 T B BX 151 e 152;12
3582;PC;0;0;0;3582;0
3582;PA;935;0;0;935;12
3582;PL;935;2177;1;R CANANEIA 255 / 313 T B BX 151 e 152;12
3595;PC;0;0;0;3595;0
3595;PA;23;0;0;23;1
3595;PL;23;42;1;AV ASSIS BRASIL 6706;1
3595;PA;24;0;0;24;1
3595;PL;24;43;1;AV ASSIS BRASIL 6710;1
3595;PA;25;0;0;25;1
3595;PL;25;44;1;AV ASSIS BRASIL 6714;1
3595;PA;736;0;0;736;4
3595;PL;736;1824;2;AV ASSIS BRASIL 6698 / ,Oliv.L27 e 23Parte1;4
3595;PA;740;0;0;740;4
3595;PL;740;1833;1;AV ASSIS BRASIL 6706 / ,6710/6714-3sl.ALTOS;4
3601;PC;0;0;0;3601;0
3601;PA;966;0;0;966;14
3601;PL;966;2243;2;R DARIO TOTTA 215 / 705- BOXE 54 T.LESTE;14
3640;PC;0;0;0;3640;0
3640;PA;23;0;0;23;1
3640;PL;23;42;1;AV ASSIS BRASIL 6706;1
3640;PA;24;0;0;24;1
3640;PL;24;43;1;AV ASSIS BRASIL 6710;1
3640;PA;25;0;0;25;1
3640;PL;25;44;1;AV ASSIS BRASIL 6714;1
3640;PA;736;0;0;736;4
3640;PL;736;1824;2;AV ASSIS BRASIL 6698 / ,Oliv.L27 e 23Parte1;4
3640;PA;740;0;0;740;4
3640;PL;740;1833;1;AV ASSIS BRASIL 6706 / ,6710/6714-3sl.ALTOS;4
3649;PC;0;0;0;3649;0
3649;PA;960;0;0;960;14
3649;PL;960;2236;1;AV TEIXEIRA MENDES 54 / 604 BOXE 21;14
3650;LC;0;2236;1;AV TEIXEIRA MENDES 54 / 604 BOXE 21;14
3654;LC;0;4;2;AV GETULIO VARGAS 1638 / 901 BOXE 08;1
3672;PC;0;0;0;3672;0
3672;PA;633;0;0;633;2
3672;PL;633;1653;1;R BEIRUTE 126 / FRENTE/130 FUNDOS;2
3680;PC;0;0;0;3680;0
3680;PA;257;0;0;257;1
3680;PL;257;858;2;AV ASSIS BRASIL 1954 / 204;1
3688;PC;0;0;0;3688;0
3688;PA;961;0;0;961;14
3688;PL;961;2235;2;AV SAO PAULO 636 / 506;14
3697;PC;0;0;0;3697;0
3697;PA;490;0;0;490;1
3697;PL;490;1423;2;AV SAO PEDRO  622;1
3698;LC;0;989;5;R CANCIO GOMES 554 / 11;1
3699;LC;0;590;4;AV SAO PEDRO 710 / 03;4
3706;PC;0;0;0;3706;0
3706;PA;257;0;0;257;1
3706;PL;257;858;2;AV ASSIS BRASIL 1954 / 204;1
3708;PC;0;0;0;3708;0
3708;PA;980;0;0;980;12
3708;PL;980;2268;3;R ADAO BAINO 261 / 1203 BOXE 54;12
3727;PC;0;0;0;3727;0
3727;PA;491;0;0;491;1
3727;PL;491;1424;1;AV SAO PEDRO 622 / B;1
3728;LC;0;546;5;AV JOSE GERTUM 594;1
3732;LC;0;1407;4;R TUPARAI 248 / APTO C;1
3733;LC;0;1810;3;R CONSELHEIRO CAMARGO 112 / B;4
3741;LC;0;795;4;R SAO LUIS 353 / 202;4
3759;LC;0;2198;2;R PORTUGAL 639 / APTO 305;4
3764;PC;0;0;0;3764;0
3764;PA;987;0;0;987;12
3764;PL;987;2250;1;AV FARRAPOS / 4051/01 E 4055/02;12
3764;PA;1039;0;0;1039;12
3764;PL;1039;2372;1;AV FARRAPOS 4053 / ALTOS;12
3776;LC;0;1038;6;R MARCELO GAMA 17 / 32;1
3782;LC;0;709;2;R DR BARROS CASSAL 33 / 603;1
3788;PC;0;0;0;3788;0
3788;PA;999;0;0;999;15
3788;PL;999;2308;1;R CANCIO GOMES 542 / BOX 07;15
3788;PA;1001;0;0;1001;15
3788;PL;1001;2315;1;R CANCIO GOMES 542 / BOX 08;15
3788;PA;1018;0;0;1018;16
3788;PL;1018;2335;0;R CANCIO GOMES 542 / 12 B;16
3791;LC;0;542;5;R CLOVIS P GRIVOT 350 / 403 BL. A1;4
3801;LC;0;2301;1;R PEDRO AMERICO 96 / 01;12
3804;PC;0;0;0;3804;0
3804;PA;997;0;0;997;12
3804;PL;997;2304;1;AV ANDARAI 140 / ESTACIONAMENTO;12
3805;LC;0;2304;1;AV ANDARAI 140 / ESTACIONAMENTO;12
3807;PC;0;0;0;3807;0
3807;PA;998;0;0;998;4
3807;PL;998;2305;1;AV AMAZONAS 291;4
3811;LC;0;1030;8;R MARCELO GAMA 17 / 15;1
3816;LC;0;679;7;AV PROTASIO ALVES 1121 / 04;4
3843;LC;0;2158;2;AV POLAR 156;4
3844;LC;0;890;3;R QUINTINO BOCAIUVA 1146 / 8;1
3846;LC;0;50;7;R HONORIO SILVEIRA DIAS 740 / 224 BL 3;4
3849;PC;0;0;0;3849;0
3849;PA;1005;0;0;1005;14
3849;PL;1005;2324;2;R ANITA GARIBALDI 452 / 302;14
3855;LC;0;1432;4;AV SAO PEDRO 818;1
3860;LC;0;3;3;TRV ANUNCIADA 78;1
3865;PC;0;0;0;3865;0
3865;PA;1006;0;0;1006;1
3868;LC;0;1223;2;R DOUTOR EDUARDO MARQUES JUNIOR 65 / 402  GAR.70 BL. F;1
3871;LC;0;16;3;AV INDEPENDENCIA 479 / 410;1
3875;LC;0;1835;4;R GENERAL NETO 95 / 302;4
3879;LC;0;314;2;R PARQUE 209;1
3880;LC;0;1323;8;R CARLOS VON KOSERITZ 15 / 26;4
3882;LC;0;1474;5;TV JAGUARAO 45 / 804 T.A BOX 29 E 97;4
3884;LC;0;1619;3;AV SAO PEDRO 827 / 204;4
3899;LC;0;779;8;R PORTUGUESA 111 / 203 BOXE 08;1
3904;LC;0;1652;5;AV PARANA 1596 / 301;2
3915;PC;0;0;0;3915;0
3915;PA;525;0;0;525;1
3915;PL;525;1462;7;R UMBU 653 / 151 BLOCO G;1
3916;LC;0;2013;3;AV PROTASIO ALVES 2365 / 406;4
3935;LC;0;2210;1;R MARCILIO DIAS 1475;4
3943;LC;0;2109;2;R GENERAL GOMES CARNEIRO 609 / FUNDOS;4
3945;LC;0;25;3;R ANDRADAS 1707;1
3954;LC;0;2152;4;R ENGENHEIRO WALTER BOHEL 230 / 305 bloco B;4
3956;LC;0;1760;4;R RAMIRO BARCELOS 748 / 204 BOXE 07;4
3965;PC;0;0;0;3965;0
3965;PA;246;0;0;246;0
3967;PC;0;0;0;3967;0
3967;PA;84;0;0;84;4
3967;PL;84;240;7;AV GUIDO MONDIM 501 / ALTOS E 499 TERREO;4
3967;PL;84;816;3;R GUIDO MONDIN 499 TERREO;1
3967;PA;246;0;0;246;1
3970;LC;0;1336;3;R ANA NERY 597;1
3974;LC;0;2250;1;AV FARRAPOS / 4051/01 E 4055/02;12
3974;LC;0;2372;1;AV FARRAPOS 4053 / ALTOS;12
3981;PC;0;0;0;3981;0
3981;PA;302;0;0;302;1
3981;PL;302;983;3;R DES ESPIRID.L.MEDEIROS 71;1
3981;PL;302;2380;0;AV AMAZONAS 746;19
3981;PL;302;2407;0;R JOAO CAETANO 144 / 201;19
3981;PA;667;0;0;667;4
3981;PL;667;1712;4;R JOSE ANTONIO ARANHA 160;4
3985;LC;0;2258;1;AV FARRAPOS 3369 / 302  BOXE 03;15
3988;PC;0;0;0;3988;0
3988;PA;937;0;0;937;4
3988;PL;937;2185;1;R FELIX DA CUNHA 360 / SALA 106;4
3995;PC;0;0;0;3995;0
3995;PA;1030;0;0;1030;12
3995;PL;1030;2356;0;AV PRESIDENTE FRANKLIN ROOSEVELT 929 / 04;12
4002;LC;0;772;2;R MOSTARDEIRO 996 / SUB-SOLO;4
4007;LC;0;689;4;AV SAO PEDRO 1058;1
4009;LC;0;1111;5;AV FARRAPOS 3367;1
4011;LC;0;5;3;R DOS ANDRADAS 1715 / 01 E 1711 SL 101;1
4013;PC;0;0;0;4013;0
4013;PA;100;0;0;100;1
4013;PL;100;304;2;AV PARANA 2116/01;1
4013;PA;101;0;0;101;1
4013;PL;101;306;1;AV PARANA 2116 / 03;1
4013;PA;205;0;0;205;1
4013;PL;205;670;2;AV PARANA 2116;1
4013;PA;210;0;0;210;1
4013;PL;210;677;4;AV PARANA 2116 / 06;1
4013;PA;245;0;0;245;1
4013;PL;245;815;3;AV PARANA 2116/04;1
4013;PA;264;0;0;264;1
4013;PL;264;872;2;AV PARANA 2116/05;1
4013;PA;265;0;0;265;1
4013;PL;265;880;8;AV PARANA 2116 / 07;1
4013;PA;268;0;0;268;1
4013;PL;268;894;3;AV PARANA 2116 / 02;1
4013;PA;274;0;0;274;1
4013;PL;274;902;5;AV PARANA 1677 / 406;1
4013;PA;666;0;0;666;4
4013;PL;666;1711;8;AV PARANA 2116 / 08;4
4013;PA;910;0;0;910;4
4013;PL;910;2148;2;AV PARANA 2116 / Estacionamento;4
4013;PA;922;0;0;922;4
4013;PL;922;2165;1;AV PARANA 2116 / ESTACIONAMENTO;4
4013;PA;924;0;0;924;4
4013;PL;924;2168;3;AV PRAIA DE BELAS 543 / 101;4
4013;PA;944;0;0;944;4
4013;PL;944;2198;2;R PORTUGAL 639 / APTO 305;4
4013;PA;985;0;0;985;15
4013;PL;985;2275;2;AV PARANA 2116 / Estacionamento;15
4013;PA;1000;0;0;1000;12
4013;PL;1000;2312;1;AV PARANA 2116 / ESTACIONAMENTO;12
4019;PC;0;0;0;4019;0
4019;PA;1036;0;0;1036;17
4019;PL;1036;2363;0;R DO PARQUE 200;17
4019;PL;1036;2364;0;R DO PARQUE 200;17
4020;PC;0;0;0;4020;0
4020;PA;1037;0;0;1037;17
4020;PL;1037;2367;1;TV AMERICO SILVEIRA 51 / 313;17
4021;PC;0;0;0;4021;0
4021;PA;499;0;0;499;1
4021;PL;499;1432;4;AV SAO PEDRO 818;1
4022;PC;0;0;0;4022;0
4022;PA;499;0;0;499;1
4022;PL;499;1432;4;AV SAO PEDRO 818;1
4023;LC;0;807;3;R VIDAL BARBOSA 224;1
4027;LC;0;1330;6;AV JOAO WALLIG 800 / 101;4
4028;LC;0;902;5;AV PARANA 1677 / 406;1
4032;LC;0;2367;1;TV AMERICO SILVEIRA 51 / 313;17
4039;LC;0;1447;3;R BARAO DE TRAMANDAI 204 / ALTOS;1
4044;LC;0;2114;5;R ITAPEVA 371 / 308;4
4047;LC;0;975;4;R CANCIO GOMES 554 / 12;1
4048;LC;0;1801;6;AV SAO PEDRO 623;4
4051;LC;0;815;3;AV PARANA 2116/04;1
4054;LC;0;2243;2;R DARIO TOTTA 215 / 705- BOXE 54 T.LESTE;14
4058;LC;0;1712;4;R JOSE ANTONIO ARANHA 160;4
4063;LC;0;508;5;AV ASSIS BRASIL 1993 / 205;1
4066;LC;0;792;4;R GARIBALDI 1313 / 301;1
4068;PC;0;0;0;4068;0
4068;PA;1041;0;0;1041;4
4068;PL;1041;2376;2;R MARCO POLO 365 / 201;4
4068;PA;1054;0;0;1054;14
4068;PL;1054;2397;2;BC SOUZA COSTA 400 / 506 BOX 104;14
4072;LC;0;1964;2;R DONA SEBASTIANA 329 / A;4
4073;LC;0;1191;4;AV ASSIS BRASIL 1993 / 202;4
4075;LC;0;2136;3;R EDMUNDO BASTIAN 648;12
4080;LC;0;2324;2;R ANITA GARIBALDI 452 / 302;14
4083;LC;0;2360;1;R DOUTOR EDUARDO CHARTIER 1021 / 901 box 15 e 21;17
4084;LC;0;194;7;R FELIX DA CUNHA 312 / TERRENO;1
4087;LC;0;2209;2;R DO PARQUE 183;4
4089;LC;0;2359;1;R QUINTINO BANDEIRA 118 / 92;17
4092;LC;0;1391;5;AV PRES.ROOSEVELT 997 / 3;4
4093;LC;0;1415;6;AV PROTASIO ALVES 8510 / 201 BL.04;1
4094;PC;0;0;0;4094;0
4094;PA;1044;0;0;1044;19
4094;PL;1044;2382;2;R CORONEL FRANCISCO BITENCOURT 22 / 467;19
4094;PL;1044;2383;2;R PROFESSOR ANNES DIAS 142 / 01;19
4096;LC;0;2374;1;AV PERNAMBUCO 2211 / 14;12
4099;LC;0;2383;2;R PROFESSOR ANNES DIAS 142 / 01;19
4101;LC;0;676;5;R PORTUGAL 1253 / 311 BOXE 25;4
4105;LC;0;425;6;R ROQUE CALAGE 774 / 310 BOXE 32;1
4111;PC;0;0;0;4111;0
4111;PA;1045;0;0;1045;17
4111;PL;1045;2384;1;AV PERNAMBUCO 1551 / 30;17
4112;PC;0;0;0;4112;0
4112;PA;175;0;0;175;1
4112;PL;175;550;3;AV FARRAPOS 2549 / 01;1
4113;PC;0;0;0;4113;0
4113;PA;175;0;0;175;1
4113;PL;175;550;3;AV FARRAPOS 2549 / 01;1
4114;LC;0;313;9;R DO PARQUE 201;4
4117;LC;0;337;6;R PIAUI 108 / 04 C/ BOXE;1
4120;PC;0;0;0;4120;0
4120;PA;1047;0;0;1047;15
4121;LC;0;2260;2;AV FARRAPOS 3369 / 402;15
4124;LC;0;36;2;AV ASSIS BRASIL 1997;4
4128;LC;0;514;2;AV ASSIS BRASIL 1993 / 303;1
4129;PC;0;0;0;4129;0
4129;PA;1057;0;0;1057;19
4129;PL;1057;2388;0;AV PRESIDENTE FRANKLIN ROOSEVELT 1126 / 53;19
4130;PC;0;0;0;4130;0
4130;PA;1048;0;0;1048;17
4130;PL;1048;2377;0;R JOAO PARIS 961;17
4131;PC;0;0;0;4131;0
4131;PA;1052;0;0;1052;4
4131;PL;1052;2394;1;R DO PARQUE 287;4
4133;LC;0;2389;1;AV BENJAMIN CONSTANT 961 / APTO 503;4
4133;LC;0;2391;1;AV BENJAMIN CONSTANT 961 / 12;4
4134;PC;0;0;0;4134;0
4134;PA;1050;0;0;1050;4
4134;PL;1050;2389;1;AV BENJAMIN CONSTANT 961 / APTO 503;4
4134;PL;1050;2391;1;AV BENJAMIN CONSTANT 961 / 12;4
4135;PC;0;0;0;4135;0
4135;PA;1051;0;0;1051;19
4135;PL;1051;2392;2;R DO PARQUE 309;19
4137;PC;0;0;0;4137;0
4137;PA;1053;0;0;1053;4
4137;PL;1053;2395;2;R QUINTINO BANDEIRA 118 / 44;4
4140;LC;0;2394;1;R DO PARQUE 287;4
4144;LC;0;1752;4;AV ANDARAI 546 / 103;4
4145;LC;0;1732;8;AV SAO PEDRO 827 / 203;4
4146;LC;0;2376;2;R MARCO POLO 365 / 201;4
4149;LC;0;334;2;R PIAUI 108 / 01;1
4150;LC;0;304;2;AV PARANA 2116/01;1
4151;PC;0;0;0;4151;0
4151;PA;1058;0;0;1058;17
4151;PL;1058;2400;0;R SAPE 302 / 304 Bl D Boxe 30;17
4162;LC;0;2404;1;AV SAO PEDRO 827 / 303;4
4164;LC;0;2268;3;R ADAO BAINO 261 / 1203 BOXE 54;12
4168;LC;0;2382;2;R CORONEL FRANCISCO BITENCOURT 22 / 467;19
4169;LC;0;1735;7;AV PARANA 1575 / 202;4
4174;LC;0;2385;1;AV SATURNINO DE BRITO 1550;17
4179;LC;0;1462;7;R UMBU 653 / 151 BLOCO G;1
4180;LC;0;1711;8;AV PARANA 2116 / 08;4
4180;LC;0;2275;2;AV PARANA 2116 / Estacionamento;15
4181;LC;0;1423;2;AV SAO PEDRO  622;1
4183;LC;0;665;5;TV JUNDIAI 2227 / 405 BOXE 06;4
4184;LC;0;2397;2;BC SOUZA COSTA 400 / 506 BOX 104;14
4185;LC;0;1329;5;AV JOAO WALLIG 796 / E 800;4
4189;LC;0;550;3;AV FARRAPOS 2549 / 01;1
4190;LC;0;2095;3;R MOURA AZEVEDO 162 / 28;4
4191;LC;0;826;2;R DR FLORES 75 / 81 LJ;1
4191;LC;0;905;2;R DR FLORES 77 / 85;1
4192;PC;0;0;0;4192;0
4192;PA;1033;0;0;1033;17
4192;PL;1033;2360;1;R DOUTOR EDUARDO CHARTIER 1021 / 901 box 15 e 21;17
4193;LC;0;360;2;AV PROTASIO ALVES 3950 / 02;1
4195;LC;0;359;7;AV PROTASIO ALVES 3944 / 01;1
4196;LC;0;2235;2;AV SAO PAULO 636 / 506;14
4198;LC;0;35;5;AV ASSIS BRASIL 1993 / 308;1
4199;LC;0;1372;6;AV ASSIS BRASIL 1993 / 208;1
4200;PC;0;0;0;4200;0
4200;PA;73;0;0;73;4
4200;PL;73;180;5;AV FARRAPOS 2547;4
4200;PA;74;0;0;74;1
4200;PL;74;181;6;AV FARRAPOS 2553;1
4200;PA;133;0;0;133;1
4200;PL;133;384;2;AV SAO PEDRO 688;1
4200;PA;176;0;0;176;1
4200;PL;176;551;5;AV FARRAPOS 2563;1
4201;PC;0;0;0;4201;0
4201;PA;73;0;0;73;4
4201;PL;73;180;5;AV FARRAPOS 2547;4
4201;PA;74;0;0;74;1
4201;PL;74;181;6;AV FARRAPOS 2553;1
4201;PA;133;0;0;133;1
4201;PL;133;384;2;AV SAO PEDRO 688;1
4201;PA;176;0;0;176;1
4201;PL;176;551;5;AV FARRAPOS 2563;1
4202;PC;0;0;0;4202;0
4202;PA;73;0;0;73;4
4202;PL;73;180;5;AV FARRAPOS 2547;4
4202;PA;74;0;0;74;1
4202;PL;74;181;6;AV FARRAPOS 2553;1
4202;PA;133;0;0;133;1
4202;PL;133;384;2;AV SAO PEDRO 688;1
4202;PA;176;0;0;176;1
4202;PL;176;551;5;AV FARRAPOS 2563;1
4203;LC;0;510;3;AV ASSIS BRASIL 1993 / 207;1
4204;LC;0;1198;5;R MOSTARDEIRO 974;14
4207;LC;0;333;5;AV PIAUI 15 / 202;4
4208;LC;0;880;8;AV PARANA 2116 / 07;1
4209;LC;0;598;4;AV SAO PEDRO 708 / LOJA;1
4210;LC;0;2305;1;AV AMAZONAS 291;4
4211;LC;0;2168;3;AV PRAIA DE BELAS 543 / 101;4
4216;PC;0;0;0;4216;0
4216;PA;1061;0;0;1061;19
4216;PL;1061;2417;1;R SETE DE ABRIL 285 / 508 e BOX 44;19
4219;LC;0;517;6;AV ASSIS BRASIL 1993 / 307;4
4220;LC;0;1331;4;AV JOAO WALLIG 800 / 201;4
4221;LC;0;1165;9;R GENERAL NETO 185 / 11;4
4224;LC;0;197;4;R FELIX DA CUNHA 325 / FRENTE;1
4224;LC;0;2408;1;R FELIX DA CUNHA 325 / -FUNDOS;4
4227;LC;0;763;8;R MARANHAO 194;1
4231;LC;0;782;6;AV PRES F ROOSEVELT 767;4
4233;LC;0;2384;1;AV PERNAMBUCO 1551 / 30;17
4234;LC;0;2293;3;R ATTILIO BILIBIO 251 / 102 T.E-Nature Box66;12
4235;LC;0;6;5;R ALMIRANTE GONCALVES 127 / 301;1
4236;LC;0;2425;1;AV SAO PEDRO 710 / 01;19
4237;LC;0;2417;1;R SETE DE ABRIL 285 / 508 e BOX 44;19
4240;LC;0;1968;5;R GENERAL CALDWELL 1205 / 18;4
4241;LC;0;1940;5;R MADRE ANA 377;4
4242;LC;0;1885;5;AV CRISTOVAO COLOMBO 1681;4
4245;PC;0;0;0;4245;0
4245;PA;1062;0;0;1062;20
4245;PL;1062;2426;1;R SAO FELISBINO 105 / 302 C/BOX 28 E 29;20
4246;PC;0;0;0;4246;0
4246;PA;1062;0;0;1062;20
4246;PL;1062;2426;1;R SAO FELISBINO 105 / 302 C/BOX 28 E 29;20
4247;LC;0;2426;1;R SAO FELISBINO 105 / 302 C/BOX 28 E 29;20
4248;LC;0;726;3;AV JOSE LUTZEMBERGER 125;1
4253;LC;0;361;4;AV PROTASIO ALVES 3956 / 03;4
4254;LC;0;2392;2;R DO PARQUE 309;19
4255;LC;0;2162;3;AV POLONIA 375 / 504   BOXE 21;4
4256;LC;0;1332;7;AV JOAO WALLIG 800 / 102;1
4258;LC;0;2431;1;AV PRESIDENTE FRANKLIN ROOSEVELT 1264 / LJS 05 E 07;20
4262;LC;0;941;6;AV ANDARAI 546 / 201 BOXE 07;1
4263;LC;0;2435;1;R ERNESTO DA FONTOURA 310;20
4266;LC;0;2395;2;R QUINTINO BANDEIRA 118 / 44;4
